,날짜,코인명,전날 등락률,1분,2분,3분,4분,5분,고가,종가
0,2021-05-03,KRW-META,14.09,-0.4,-1.2,-1.2,-1.61,-1.61,8.76,-0.8
1,2021-05-03,KRW-GRS,11.38,-0.82,-1.64,-2.19,-2.19,-2.47,12.15,0.83
2,2021-05-03,KRW-MFT,10.24,-1.3,3.46,6.06,11.69,15.15,13.72,1.77
3,2021-05-03,KRW-MED,9.82,0.0,-0.56,-0.56,-1.13,-1.13,3.37,-0.56
4,2021-05-03,KRW-SXP,8.83,-0.07,-1.04,-0.67,-1.72,-1.72,8.95,1.67
5,2021-05-04,KRW-WAVES,40.64,-1.81,-2.37,-2.71,-2.8,-0.72,34.91,9.5
6,2021-05-04,KRW-OMG,21.31,0.0,-1.56,-1.74,-1.92,0.27,13.65,-5.04
7,2021-05-04,KRW-DOGE,18.98,-0.89,-0.89,0.3,1.48,2.82,42.49,25.23
8,2021-05-04,KRW-ETH,18.57,-0.05,-1.25,-1.27,-1.25,0.0,7.12,-3.43
9,2021-05-04,KRW-ETC,17.29,-1.57,-4.42,-3.94,-2.76,0.33,40.62,34.99
10,2021-05-05,KRW-ETC,34.99,-0.4,-0.4,-2.28,-2.24,0.98,36.92,30.23
11,2021-05-05,KRW-DOGE,25.23,-0.38,-2.43,-2.43,-1.79,-1.53,31.6,16.17
12,2021-05-05,KRW-BTG,15.45,-0.24,2.14,9.74,12.06,9.0,24.49,20.29
13,2021-05-05,KRW-LINK,11.15,-0.07,-0.69,-0.99,-0.94,-0.91,23.03,3.78
14,2021-05-05,KRW-WAVES,9.5,-0.09,-0.86,-1.14,0.74,-0.84,12.34,-2.53
15,2021-05-06,KRW-BCH,51.66,-2.11,-1.73,-2.11,-2.76,-3.84,7.91,1.67
16,2021-05-06,KRW-EOS,30.45,-0.14,0.14,1.07,1.28,1.71,49.95,34.97
17,2021-05-06,KRW-ETC,30.23,-0.63,1.57,1.76,-0.41,-0.63,81.81,42.15
18,2021-05-06,KRW-BCHA,26.43,-1.58,-2.99,-5.23,-5.68,-4.92,21.15,2.41
19,2021-05-06,KRW-BSV,22.96,-0.29,-0.57,-0.78,-1.66,-2.03,8.3,1.4
20,2021-05-07,KRW-ETC,42.15,-0.17,-1.02,-0.38,-2.32,-1.67,13.65,-7.58
21,2021-05-07,KRW-QTUM,41.31,-3.03,-5.36,-4.87,-6.5,-5.85,43.85,8.04
22,2021-05-07,KRW-OMG,35.52,-0.49,-2.66,-1.96,-1.96,-1.89,20.14,-11.52
23,2021-05-07,KRW-EOS,34.97,-0.08,-0.72,-2.25,-1.85,-0.96,16.8,-11.32
24,2021-05-07,KRW-STEEM,33.18,-0.36,0.73,1.82,1.82,1.82,11.45,-7.41
25,2021-05-08,KRW-LSK,37.35,-2.31,-3.47,-3.09,-2.8,-2.89,6.07,-11.29
26,2021-05-08,KRW-DOGE,16.53,-0.13,-0.65,-1.81,-1.94,-1.42,8.02,-5.95
27,2021-05-08,KRW-STORJ,15.45,-0.73,-1.83,-1.83,-1.83,-1.65,22.68,1.3
28,2021-05-08,KRW-POLY,14.16,-0.78,-1.17,-2.15,-2.35,-2.15,1.53,-2.49
29,2021-05-08,KRW-ORBS,11.84,-0.62,-0.62,-1.23,-1.23,-1.23,0.0,-4.71
30,2021-05-09,KRW-POWR,17.05,-0.18,-0.18,0.35,-0.88,-0.71,4.08,-7.52
31,2021-05-09,KRW-ETH,14.22,-0.23,-0.52,-0.44,-0.54,-0.58,4.72,1.01
32,2021-05-09,KRW-GRS,12.4,-2.67,-2.43,-2.43,-1.94,-2.18,19.61,0.98
33,2021-05-09,KRW-STEEM,11.27,-0.34,-1.01,-2.02,-1.35,-1.68,0.65,-3.57
34,2021-05-09,KRW-SRM,8.72,-0.08,-0.08,-0.08,-0.16,-0.71,0.15,-4.46
35,2021-05-10,KRW-LTC,12.75,-0.69,-0.89,0.22,-0.83,-1.1,8.3,-4.68
36,2021-05-10,KRW-ONT,10.7,-0.17,0.0,1.53,0.34,-0.85,0.45,-10.88
37,2021-05-10,KRW-ADA,9.87,-0.72,-0.48,0.24,-0.48,-0.96,2.07,-3.92
38,2021-05-10,KRW-LINK,8.55,-0.56,-0.39,0.65,-0.39,-1.0,2.34,-8.92
39,2021-05-10,KRW-QTUM,7.42,-1.33,-1.27,0.67,-1.67,-2.0,2.38,-10.46
40,2021-05-11,KRW-LSK,9.26,-1.49,-3.6,-3.07,-4.83,-4.13,5.76,1.71
41,2021-05-11,KRW-XLM,8.7,-1.33,-1.77,-1.55,-1.33,-1.55,10.16,7.89
42,2021-05-11,KRW-SSX,7.76,-1.56,-1.56,-2.34,-2.34,-2.34,8.8,1.6
43,2021-05-11,KRW-ETH,4.12,-0.29,-0.9,-0.84,-0.37,-0.35,2.66,2.2
44,2021-05-11,KRW-STRAX,2.51,0.0,4.52,6.03,9.51,8.0,2.45,0.19
45,2021-05-12,KRW-EOS,51.02,-3.01,-3.61,-5.12,-7.38,-6.93,5.94,-25.78
46,2021-05-12,KRW-OMG,18.92,-0.08,3.03,1.26,0.34,0.84,0.07,-21.4
47,2021-05-12,KRW-RFR,15.62,-1.57,-1.05,-3.14,-3.14,-4.71,25.23,-13.96
48,2021-05-12,KRW-BCH,13.04,-0.23,1.24,-3.39,-4.14,-4.79,6.69,-19.23
49,2021-05-12,KRW-XTZ,12.09,-0.88,-0.47,-2.57,-3.93,-5.15,2.9,-16.93
50,2021-05-13,KRW-POWR,25.93,0.0,-3.54,-3.54,-2.3,-2.3,0.31,-12.4
51,2021-05-13,KRW-WAVES,-3.43,-1.14,-1.88,-1.93,-1.61,-0.74,10.04,2.92
52,2021-05-13,KRW-ETH,-7.25,-0.3,-0.63,-1.38,-0.83,0.17,9.41,-0.59
53,2021-05-13,KRW-STRK,-7.71,-6.91,-3.78,-5.99,-6.46,-5.15,33.44,11.8
54,2021-05-13,KRW-DOT,-8.98,-1.12,-1.16,-1.28,-1.07,0.02,21.47,17.0
55,2021-05-14,KRW-HBAR,40.94,-1.45,-2.42,-1.45,-2.17,-2.17,18.53,-1.43
56,2021-05-14,KRW-ADA,25.84,-0.4,-0.2,0.0,0.81,1.01,3.9,1.64
57,2021-05-14,KRW-DOGE,22.47,-1.3,-0.87,-1.16,-1.3,-2.02,16.21,12.32
58,2021-05-14,KRW-DOT,17.0,-1.46,-1.48,-1.03,-1.18,-2.36,17.72,16.81
59,2021-05-14,KRW-TFUEL,14.05,-0.47,-0.24,-0.47,-0.47,-0.47,4.04,0.0
60,2021-05-15,KRW-DOT,16.81,-0.05,-0.33,-1.79,-2.27,-1.3,4.38,-8.06
61,2021-05-15,KRW-IQ,14.69,-0.91,-0.91,-0.45,-1.36,-1.36,0.0,-9.47
62,2021-05-15,KRW-DOGE,12.32,-0.47,-0.47,-1.57,-1.88,-1.41,0.43,-8.09
63,2021-05-15,KRW-ETC,12.09,-0.49,-1.27,-1.77,-2.26,-1.31,8.98,-4.57
64,2021-05-15,KRW-MOC,10.46,0.0,0.65,-1.29,-1.94,-1.94,0.59,-7.69
65,2021-05-16,KRW-ADA,9.7,-1.05,0.0,0.35,-0.7,-1.05,12.87,5.33
66,2021-05-16,KRW-XRP,7.8,0.0,-0.28,-0.83,-1.39,-1.67,5.65,-3.23
67,2021-05-16,KRW-HUNT,5.18,-1.53,-1.23,-0.61,-1.53,-1.53,0.58,-5.51
68,2021-05-16,KRW-XLM,3.39,-1.02,-0.79,-0.23,-1.58,-1.7,14.07,3.75
69,2021-05-16,KRW-HUM,2.68,-0.68,-1.37,-1.37,-2.74,-2.74,3.27,-4.58
70,2021-05-17,KRW-SRM,21.84,-1.46,-2.24,-3.88,-3.53,-3.01,18.09,-3.65
71,2021-05-17,KRW-IQ,10.45,-1.88,-2.35,-3.29,-3.76,-3.29,0.83,-11.98
72,2021-05-17,KRW-TFUEL,8.65,-0.49,0.0,-2.18,-2.18,-1.21,5.41,-3.06
73,2021-05-17,KRW-MTL,7.4,-0.4,-0.8,-2.41,-2.41,-1.87,0.0,-11.52
74,2021-05-17,KRW-RFR,5.79,-1.12,-1.12,-1.68,-2.23,-1.68,0.0,-10.95
75,2021-05-18,KRW-XRP,3.33,-0.25,-1.01,-1.01,-1.01,-1.01,12.67,6.74
76,2021-05-18,KRW-ELF,2.93,-0.21,-1.28,-1.71,-1.71,-2.14,3.51,2.85
77,2021-05-18,KRW-THETA,2.9,-0.16,-0.74,-1.47,-1.47,-1.39,4.97,1.24
78,2021-05-18,KRW-AXS,0.81,-0.24,-0.61,-1.03,-1.4,-1.46,5.16,1.17
79,2021-05-18,KRW-HIVE,0.5,-0.33,-1.15,-2.13,-2.13,-1.97,6.51,1.84
80,2021-05-19,KRW-ARK,54.52,-2.43,-2.16,-4.58,-4.58,-5.66,29.67,-32.05
81,2021-05-19,KRW-AQT,20.1,-3.45,-1.42,-5.28,-6.19,-4.87,30.18,-16.82
82,2021-05-19,KRW-ANKR,16.97,-0.66,-0.66,-0.66,-1.32,-2.65,4.12,-22.68
83,2021-05-19,KRW-HBAR,15.66,0.0,1.68,1.01,0.34,-0.67,2.14,-29.45
84,2021-05-19,KRW-LINK,14.91,-0.05,2.81,7.45,4.59,3.65,1.73,-28.08
85,2021-05-20,KRW-SBD,78.27,-7.55,-7.62,-7.69,-10.16,-7.69,75.93,7.12
86,2021-05-20,KRW-AERGO,21.6,-2.52,-7.84,-6.72,-5.88,-6.44,3.71,1.71
87,2021-05-20,KRW-BORA,3.04,-1.24,-2.48,-3.72,-2.48,-2.07,2.97,2.54
88,2021-05-20,KRW-CBK,-2.44,-2.75,-3.32,-3.32,-3.25,-2.75,14.56,5.08
89,2021-05-20,KRW-BTC,-5.66,-0.04,-0.04,0.07,0.16,-0.35,5.14,1.67
90,2021-05-21,KRW-ONG,347.48,-6.74,-5.34,-10.11,-15.73,-14.04,36.11,-44.11
91,2021-05-21,KRW-GAS,54.63,-0.23,-1.7,-2.08,-5.02,-5.94,11.5,-26.18
92,2021-05-21,KRW-CVC,41.98,-0.42,-1.47,-1.05,-2.31,-3.36,24.87,-17.04
93,2021-05-21,KRW-GRS,39.61,-0.38,-1.15,-1.92,-2.31,-5.0,1.37,-11.34
94,2021-05-21,KRW-ONT,33.65,-0.89,-0.59,-0.89,-1.48,-2.97,4.81,-18.99
95,2021-05-22,KRW-UPP,134.4,-6.62,-9.27,-10.6,-10.6,-9.27,1.69,-48.99
96,2021-05-22,KRW-CRE,31.78,-0.77,-3.85,-6.92,-7.69,-6.15,0.0,-23.39
97,2021-05-22,KRW-MBL,22.61,-8.22,-8.22,-8.9,-10.96,-10.27,17.48,2.1
98,2021-05-22,KRW-FCT2,20.14,-9.77,-10.34,-10.92,-9.2,-8.62,28.74,4.19
99,2021-05-22,KRW-TT,19.08,-3.03,-9.7,-11.52,-11.52,-8.48,36.13,6.45
100,2021-05-23,KRW-SAND,47.81,-3.05,-3.32,-3.32,-3.05,-2.77,13.11,-36.54
101,2021-05-23,KRW-MED,12.26,-1.1,0.0,1.21,7.25,4.07,0.0,-24.03
102,2021-05-23,KRW-AHT,12.08,-4.62,-4.62,-5.38,-7.69,-6.92,0.59,-23.08
103,2021-05-23,KRW-MVL,11.63,-1.06,-6.38,-4.26,-1.06,0.53,0.42,-21.34
104,2021-05-23,KRW-SSX,10.09,-1.09,-4.16,-3.86,-3.07,-1.98,0.83,-16.53
105,2021-05-24,KRW-HIVE,34.95,0.0,4.2,8.55,-8.99,-8.41,0.42,-4.29
106,2021-05-24,KRW-FCT2,16.09,-10.44,-8.79,-6.04,-6.04,-7.14,0.5,-9.41
107,2021-05-24,KRW-MOC,7.83,-7.98,-7.98,-6.75,-4.29,-5.52,5.08,-7.91
108,2021-05-24,KRW-HUNT,7.6,-8.29,-8.04,-7.29,-5.53,-6.28,37.85,12.71
109,2021-05-24,KRW-BCHA,7.24,-2.1,-6.14,-6.08,-2.4,-0.33,17.5,13.5
110,2021-05-25,KRW-OMG,43.41,-0.2,-0.2,-0.33,-0.13,0.6,6.94,-0.26
111,2021-05-25,KRW-ETC,41.26,-0.94,-0.9,-1.07,-0.22,0.58,15.74,7.52
112,2021-05-25,KRW-QTUM,36.95,-0.14,-1.12,-1.19,-0.84,-0.14,19.33,4.69
113,2021-05-25,KRW-BCH,34.28,-0.22,-1.07,-1.37,-1.41,-0.95,7.38,-1.52
114,2021-05-25,KRW-ENJ,32.03,-0.33,-0.66,-0.33,-0.66,0.0,5.9,0.0
115,2021-05-26,KRW-SBD,31.78,-0.34,7.92,7.25,6.15,6.32,39.14,31.26
116,2021-05-26,KRW-ONG,15.77,-6.03,-5.67,-3.19,-2.84,-0.35,18.6,9.69
117,2021-05-26,KRW-LSK,14.15,-0.91,-1.28,-1.46,-1.37,-1.19,4.78,2.44
118,2021-05-26,KRW-MLK,9.12,-3.84,-2.88,-3.84,-2.64,-2.64,34.2,19.83
119,2021-05-26,KRW-KAVA,8.89,-1.42,-1.75,-1.75,-1.75,-1.31,8.4,8.4
120,2021-05-27,KRW-ENJ,52.79,-0.48,0.72,0.72,-0.72,-0.24,13.49,-10.71
121,2021-05-27,KRW-SBD,31.26,-8.09,-9.92,-10.01,-9.14,-8.18,17.78,-3.2
122,2021-05-27,KRW-CHZ,27.13,-0.55,1.37,1.37,4.1,1.64,1.49,-9.65
123,2021-05-27,KRW-MANA,25.39,-0.46,0.92,0.92,1.38,2.29,2.07,-10.33
124,2021-05-27,KRW-SAND,24.23,-0.25,9.85,13.55,18.47,15.76,2.91,-8.28
125,2021-05-28,KRW-POLY,30.7,-1.5,-1.5,-0.3,-1.2,-2.1,0.73,-19.13
126,2021-05-28,KRW-QTUM,16.69,-0.2,0.74,1.01,-0.4,-0.87,0.57,-15.5
127,2021-05-28,KRW-EOS,10.03,-0.27,0.33,0.47,-0.27,-0.4,1.35,-11.76
128,2021-05-28,KRW-META,7.25,-0.77,0.0,0.0,-0.77,-1.54,0.67,-13.42
129,2021-05-28,KRW-KAVA,6.67,-0.98,-0.74,-0.62,-1.11,-1.35,2.97,-16.07
130,2021-05-29,KRW-ONG,8.91,-3.5,-3.5,-5.45,-4.67,-5.45,5.65,-9.19
131,2021-05-29,KRW-PUNDIX,7.51,-1.69,-2.42,-2.42,-2.66,-3.38,0.22,-9.8
132,2021-05-29,KRW-DAWN,4.32,-2.25,-1.42,-1.18,-2.72,-2.72,7.34,0.12
133,2021-05-29,KRW-SAND,1.97,-0.79,-1.58,-2.64,-3.43,-3.69,0.0,-8.45
134,2021-05-29,KRW-HUNT,-3.66,-1.58,-0.32,-0.95,0.0,1.9,0.29,-7.6
135,2021-05-30,KRW-AXS,14.45,-1.27,-1.45,0.0,6.36,10.36,0.0,-6.14
136,2021-05-30,KRW-BCHA,4.48,-2.73,-2.73,-2.13,-2.1,-1.82,9.6,-3.48
137,2021-05-30,KRW-ARK,3.77,-0.75,9.33,7.46,11.19,5.6,0.36,-2.91
138,2021-05-30,KRW-MBL,3.64,-0.91,-1.82,-2.73,-0.91,-0.91,1.77,-1.77
139,2021-05-30,KRW-AHT,3.39,0.0,5.04,5.04,1.68,0.84,0.0,-3.28
140,2021-05-31,KRW-ENJ,10.45,-1.57,-1.31,0.0,0.52,0.52,7.86,3.25
141,2021-05-31,KRW-ADA,10.09,-0.74,-0.74,0.49,1.23,1.23,7.59,6.28
142,2021-05-31,KRW-VET,7.38,-2.7,-2.03,-0.68,0.0,0.68,13.85,13.85
143,2021-05-31,KRW-XRP,6.31,-0.41,-0.41,0.82,1.65,2.06,13.24,10.96
144,2021-05-31,KRW-SBD,6.19,-1.38,3.14,0.79,2.55,1.18,4.97,-1.07
145,2021-06-01,KRW-LINK,15.76,-0.03,0.06,-0.64,-0.94,-1.05,1.64,-4.06
146,2021-06-01,KRW-VET,13.85,-0.7,-0.7,-0.7,-1.4,-2.1,4.05,-3.38
147,2021-06-01,KRW-XRP,10.96,-0.42,0.0,-0.84,-1.26,-1.26,6.58,-2.06
148,2021-06-01,KRW-ETH,9.46,-0.06,0.16,-0.64,-0.64,-0.97,1.89,-2.05
149,2021-06-01,KRW-CRO,8.09,0.0,0.0,0.0,-0.69,0.69,3.4,-1.36
150,2021-06-02,KRW-KNC,20.15,-2.26,-2.96,-2.61,-2.26,-2.09,53.01,19.54
151,2021-06-02,KRW-DOGE,14.4,-0.2,-1.42,-0.81,0.0,0.41,20.14,12.59
152,2021-06-02,KRW-TFUEL,7.32,-0.71,-1.18,-1.18,-1.18,-1.18,0.0,-0.24
153,2021-06-02,KRW-THETA,5.65,-0.38,-0.65,-0.71,-0.22,0.33,7.51,4.66
154,2021-06-02,KRW-XLM,4.23,-0.41,-0.82,-0.61,0.0,0.2,2.64,-0.81
155,2021-06-03,KRW-KAVA,32.62,-1.02,-1.02,-0.85,-0.94,-1.11,25.0,5.31
156,2021-06-03,KRW-KNC,19.54,-0.54,-0.71,-0.89,-1.25,-1.43,9.58,-2.44
157,2021-06-03,KRW-DOGE,12.59,-0.65,-0.86,-1.29,-1.08,-1.29,3.86,-5.49
158,2021-06-03,KRW-DOT,11.81,-0.35,-0.45,-0.35,-0.29,-0.74,10.19,3.78
159,2021-06-03,KRW-STORJ,10.8,-0.35,-0.35,-0.35,-0.35,-0.71,8.66,1.81
160,2021-06-04,KRW-THETA,19.91,0.0,-0.39,0.0,0.87,5.15,11.3,-6.87
161,2021-06-04,KRW-TFUEL,14.15,-0.62,-0.82,-1.03,-0.62,0.41,8.88,0.41
162,2021-06-04,KRW-ZIL,13.29,-0.68,-1.35,-1.35,-1.35,-0.68,0.62,-8.07
163,2021-06-04,KRW-VET,12.93,0.0,0.0,-0.65,-0.65,0.0,7.83,-6.63
164,2021-06-04,KRW-DKA,11.98,-1.55,-1.55,-2.58,-3.61,-3.61,15.96,2.66
165,2021-06-05,KRW-IQ,26.9,-5.24,-3.33,-2.38,-5.24,-4.76,29.51,14.75
166,2021-06-05,KRW-DKA,2.66,-1.98,-1.98,-0.99,-1.98,-2.97,22.68,3.61
167,2021-06-05,KRW-CBK,1.48,-0.63,-0.63,-0.81,-1.26,-1.26,0.09,-4.46
168,2021-06-05,KRW-MED,1.22,-0.63,-0.63,-0.38,-0.5,-0.75,0.48,-4.1
169,2021-06-05,KRW-FLOW,1.05,-0.18,-0.9,-0.9,-0.84,-1.02,2.13,-4.44
170,2021-06-06,KRW-IQ,14.75,-1.41,-4.23,-4.69,-4.23,-3.29,30.0,1.9
171,2021-06-06,KRW-ORBS,9.57,-1.94,-1.94,-1.94,-2.91,-2.91,0.0,0.0
172,2021-06-06,KRW-TFUEL,6.6,-0.97,-1.17,-1.17,-1.75,-1.95,4.45,-0.97
173,2021-06-06,KRW-KAVA,3.69,-1.1,-0.82,-1.55,-2.19,-2.01,5.52,-2.49
174,2021-06-06,KRW-BSV,3.68,-0.31,-0.34,-0.36,-0.43,-0.7,2.45,-0.88
175,2021-06-07,KRW-STRK,58.78,-0.73,4.22,7.85,7.85,14.79,13.31,-19.82
176,2021-06-07,KRW-STRAX,17.05,-0.73,0.58,2.92,6.12,7.73,50.0,3.94
177,2021-06-07,KRW-KNC,15.31,-1.24,-0.62,0.0,0.0,0.0,0.53,-14.03
178,2021-06-07,KRW-WAVES,13.54,-0.54,0.18,0.73,-0.18,-0.42,4.17,-12.82
179,2021-06-07,KRW-MFT,11.11,-2.46,-3.28,-3.28,-4.92,-4.92,31.67,1.67
180,2021-06-08,KRW-MTL,18.91,-4.07,-3.09,-2.93,-3.58,-3.41,0.15,-9.16
181,2021-06-08,KRW-STRAX,3.94,-7.3,-6.44,-6.29,-5.72,-8.3,14.43,2.04
182,2021-06-08,KRW-SBD,3.71,-3.68,-3.4,-2.9,-3.23,-3.01,4.44,-8.47
183,2021-06-08,KRW-TFUEL,3.31,-2.14,1.07,-0.61,-0.76,0.15,33.9,23.35
184,2021-06-08,KRW-POWR,2.69,-0.36,0.0,0.0,0.0,-0.36,0.0,-9.18
185,2021-06-09,KRW-TFUEL,23.35,-0.3,-2.39,-1.64,0.0,-1.2,18.63,2.14
186,2021-06-09,KRW-STRK,15.11,-4.52,-5.31,-4.29,-4.56,-3.8,1.71,-4.78
187,2021-06-09,KRW-BCHA,12.55,-1.14,-3.02,-3.05,-0.64,-2.4,13.07,7.12
188,2021-06-09,KRW-THETA,3.67,-0.18,-0.92,-0.74,-0.28,-0.37,7.07,3.73
189,2021-06-09,KRW-DKA,2.84,-0.56,-1.12,-1.69,-0.56,-1.12,0.55,-1.66
190,2021-06-10,KRW-BTG,34.26,-1.77,-4.21,-4.21,-3.77,-3.27,15.08,2.13
191,2021-06-10,KRW-BTC,12.42,-0.1,-0.78,-0.96,-0.64,-0.49,3.09,-1.03
192,2021-06-10,KRW-GAS,10.67,-0.66,-0.47,-1.99,-2.18,-2.94,5.0,-2.5
193,2021-06-10,KRW-ETC,10.36,-0.04,-0.68,-0.78,-0.81,-0.56,2.5,-5.6
194,2021-06-10,KRW-ARK,9.65,-1.43,-2.5,-2.5,-2.14,-2.14,0.0,-2.11
195,2021-06-11,KRW-CHZ,15.77,-2.02,-2.02,-3.17,-3.17,-3.75,27.78,7.1
196,2021-06-11,KRW-POLY,11.07,-0.39,-0.79,-0.39,-0.39,2.36,0.0,-12.76
197,2021-06-11,KRW-IQ,10.06,-1.99,-1.99,-1.32,-1.32,0.0,5.17,-13.22
198,2021-06-11,KRW-CRE,7.69,-0.1,-0.1,0.0,0.0,1.0,10.81,-9.01
199,2021-06-11,KRW-AHT,7.41,-1.09,-2.48,-3.37,-3.17,-3.07,3.45,-12.93
200,2021-06-12,KRW-STPT,30.47,-0.9,-0.72,-1.62,-4.14,-4.86,0.4,-25.3
201,2021-06-12,KRW-AXS,9.43,-0.34,-0.34,0.23,-1.14,-0.79,0.1,-12.18
202,2021-06-12,KRW-CHZ,7.1,-0.31,-0.31,-0.63,-1.25,-1.25,16.71,-8.36
203,2021-06-12,KRW-QKC,5.97,-1.09,-1.09,-2.19,-1.64,-2.73,0.47,-14.08
204,2021-06-12,KRW-FLOW,3.41,0.0,-0.5,-0.72,-0.43,-0.5,0.13,-8.31
205,2021-06-13,KRW-LOOM,9.34,-2.56,-3.71,-4.23,-6.53,-5.89,0.62,-2.62
206,2021-06-13,KRW-HUNT,7.25,-7.38,-5.54,-5.9,-5.54,-5.54,1.79,-3.23
207,2021-06-13,KRW-WAVES,3.27,-0.69,-0.57,-0.4,-0.4,-0.97,3.87,2.4
208,2021-06-13,KRW-XLM,2.69,0.0,0.0,0.51,0.51,0.0,4.71,3.4
209,2021-06-13,KRW-ADA,2.08,-0.28,-0.28,0.0,0.0,-0.84,5.52,3.78
210,2021-06-14,KRW-TFUEL,32.32,-2.14,-1.83,-3.36,-3.36,-2.6,6.76,0.46
211,2021-06-14,KRW-SBD,18.17,-1.54,-4.44,-4.19,-4.0,-3.94,15.06,4.55
212,2021-06-14,KRW-KNC,13.4,0.0,0.0,0.46,-0.46,-0.69,8.2,-0.68
213,2021-06-14,KRW-STRK,12.76,-1.77,-4.16,-4.11,-3.31,-4.16,10.77,1.72
214,2021-06-14,KRW-SXP,10.89,-0.21,-0.21,0.21,0.0,-0.84,9.34,8.2
215,2021-06-15,KRW-DOT,17.76,-0.29,-0.29,-0.76,-0.76,-0.97,0.81,-6.89
216,2021-06-15,KRW-UPP,13.29,-2.0,-2.52,-2.63,-2.21,-2.21,1.97,-1.25
217,2021-06-15,KRW-MVL,12.39,-2.68,-4.7,-4.03,-3.36,-2.68,39.84,15.62
218,2021-06-15,KRW-ENJ,9.33,-0.31,-0.62,-0.92,-1.23,-1.23,4.27,-0.91
219,2021-06-15,KRW-PLA,8.87,-1.35,-1.35,-0.9,-1.35,-1.35,4.52,0.9
220,2021-06-16,KRW-CHZ,17.96,-1.25,-1.0,-2.26,-1.75,-1.5,12.01,4.44
221,2021-06-16,KRW-MVL,15.62,-1.99,-3.97,-3.31,-2.65,-3.31,16.11,0.67
222,2021-06-16,KRW-ICX,12.72,-0.83,-0.42,-0.83,-1.25,-0.83,0.0,-6.61
223,2021-06-16,KRW-BORA,8.33,0.0,0.83,0.0,0.0,0.83,6.92,-7.69
224,2021-06-16,KRW-AXS,8.11,-0.2,0.3,-1.01,-1.01,-1.01,13.46,-4.9
225,2021-06-17,KRW-KNC,20.65,-0.87,-0.87,-1.09,-0.87,-1.3,1.55,-10.83
226,2021-06-17,KRW-UPP,10.41,-1.55,-1.55,-1.65,-1.55,-1.55,0.95,-7.52
227,2021-06-17,KRW-SXP,8.3,-0.38,-0.57,-0.95,-0.76,-0.38,1.82,-4.37
228,2021-06-17,KRW-STX,6.8,-0.47,-0.47,-0.47,-0.47,-0.47,4.07,-3.62
229,2021-06-17,KRW-ATOM,5.8,-0.06,-0.06,-0.12,-0.12,0.0,8.12,1.07
230,2021-06-18,KRW-AXS,15.27,-0.57,-1.05,-1.15,-1.15,-1.15,2.71,-8.57
231,2021-06-18,KRW-AHT,9.05,-0.34,-0.23,0.57,5.32,6.91,12.9,-5.38
232,2021-06-18,KRW-XTZ,8.03,-0.54,-0.68,-0.82,-0.82,-0.82,0.63,-7.31
233,2021-06-18,KRW-TFUEL,7.87,-0.88,-0.59,-1.62,-1.18,-0.88,17.05,5.43
234,2021-06-18,KRW-WAVES,7.84,-0.56,-0.72,-0.97,-1.13,-1.18,0.09,-9.49
235,2021-06-19,KRW-AERGO,11.73,-0.6,-1.19,-1.19,-1.79,-1.79,1.1,-6.63
236,2021-06-19,KRW-TFUEL,5.43,-0.85,-1.13,-0.71,-1.13,-0.71,7.22,3.98
237,2021-06-19,KRW-MFT,4.61,0.0,-0.21,-0.42,-0.32,0.0,1.0,-5.1
238,2021-06-19,KRW-STRK,1.91,-2.28,-2.24,-2.74,-3.0,-2.66,5.38,-2.99
239,2021-06-19,KRW-POLY,0.43,-0.45,-0.9,-0.9,-0.45,-0.9,0.85,-5.51
240,2021-06-20,KRW-SBD,7.36,-1.64,-2.0,-2.64,-1.78,-2.07,0.34,-5.78
241,2021-06-20,KRW-TFUEL,3.98,0.0,0.14,0.14,0.14,-1.3,2.13,-1.84
242,2021-06-20,KRW-AHT,3.74,-1.55,-1.91,2.39,0.96,2.51,0.0,-8.62
243,2021-06-20,KRW-KAVA,2.69,-0.1,-0.73,-1.36,-0.63,-0.63,5.04,4.5
244,2021-06-20,KRW-MVL,2.42,-0.84,-0.84,0.84,1.68,2.52,0.0,-6.3
245,2021-06-21,KRW-MOC,25.99,0.0,12.71,7.92,8.91,-0.5,6.05,-34.88
246,2021-06-21,KRW-WAVES,12.16,0.0,-1.51,-2.41,-3.61,-4.4,0.52,-21.28
247,2021-06-21,KRW-UPP,5.88,0.0,3.9,9.2,13.57,17.63,2.89,-28.78
248,2021-06-21,KRW-LINK,5.48,-0.15,-0.97,-1.5,-1.94,-1.94,1.14,-18.96
249,2021-06-21,KRW-SXP,5.3,0.0,-0.92,-1.85,-3.46,-4.39,1.55,-16.25
250,2021-06-22,KRW-HBAR,-7.93,-0.52,0.52,0.52,0.52,0.0,1.93,-6.28
251,2021-06-22,KRW-BTC,-10.63,-0.14,-0.12,-0.13,-0.41,-0.84,4.47,1.03
252,2021-06-22,KRW-WAXP,-11.9,0.0,-0.97,-0.97,0.0,0.97,9.91,-6.31
253,2021-06-22,KRW-BAT,-14.29,-0.18,0.0,0.0,0.0,-1.42,3.14,-7.26
254,2021-06-22,KRW-STRK,-15.19,-4.42,-3.1,-1.83,-3.36,-3.1,3.81,-9.74
255,2021-06-23,KRW-UPP,15.13,-2.58,-3.1,-2.19,-1.68,-2.19,5.7,5.16
256,2021-06-23,KRW-DOGE,4.72,-0.73,-0.37,0.73,-0.37,0.0,29.86,23.53
257,2021-06-23,KRW-KAVA,2.89,-0.38,-0.38,-0.51,-0.38,-0.63,11.5,5.48
258,2021-06-23,KRW-BTT,2.45,-0.36,-0.36,0.0,-1.09,-1.45,14.4,10.4
259,2021-06-23,KRW-STX,1.29,-0.93,-1.06,-0.26,-0.79,-0.93,8.79,6.67
260,2021-06-24,KRW-ANKR,38.78,-1.22,-1.89,-2.0,-1.78,-1.89,13.12,1.92
261,2021-06-24,KRW-DOGE,23.53,-0.33,-0.33,-0.33,0.0,1.31,13.92,11.72
262,2021-06-24,KRW-FLOW,19.16,-0.88,-1.27,-1.08,-0.49,-0.2,13.14,3.24
263,2021-06-24,KRW-QTUM,17.71,0.0,0.14,-0.14,0.21,0.49,5.62,4.31
264,2021-06-24,KRW-LOOM,17.52,-0.19,-0.57,-0.19,1.9,1.14,4.98,4.58
265,2021-06-25,KRW-META,36.85,-0.38,10.27,5.7,7.79,7.79,11.38,-10.7
266,2021-06-25,KRW-BCHA,31.62,-2.12,-2.33,-2.02,-3.0,-3.94,22.08,8.38
267,2021-06-25,KRW-MED,25.74,-0.57,0.86,0.86,2.87,2.87,11.78,-8.38
268,2021-06-25,KRW-HUM,19.7,-0.59,0.59,0.98,2.35,4.12,2.33,-8.6
269,2021-06-25,KRW-SSX,17.81,-1.26,-1.26,-1.57,-1.57,-0.94,4.05,-8.09
270,2021-06-26,KRW-IQ,37.71,-2.5,-2.5,-5.0,-5.0,-5.0,0.78,-6.98
271,2021-06-26,KRW-STPT,11.97,0.0,6.42,7.41,6.67,8.4,0.24,-4.03
272,2021-06-26,KRW-BCHA,8.38,-1.26,-1.58,-1.4,-0.68,4.99,2.44,-3.1
273,2021-06-26,KRW-POLY,5.62,-1.22,-1.22,-1.22,-1.83,-1.83,0.59,-4.14
274,2021-06-26,KRW-TON,5.17,-1.28,-1.17,-1.63,-1.4,-1.52,2.63,-1.72
275,2021-06-27,KRW-META,23.0,-2.92,-3.07,-1.54,-2.46,-3.53,1.24,0.62
276,2021-06-27,KRW-HUM,13.33,0.0,1.9,2.77,2.25,2.42,1.21,0.0
277,2021-06-27,KRW-MED,10.89,-0.51,-1.53,-1.02,-0.77,-1.28,1.81,1.55
278,2021-06-27,KRW-GAS,10.47,-3.06,-2.47,-2.3,-2.3,-2.98,0.6,0.6
279,2021-06-27,KRW-AERGO,8.49,0.0,4.27,6.84,4.27,3.42,2.61,0.87
280,2021-06-28,KRW-BCHA,16.48,-0.49,-1.18,-1.18,-1.15,-1.12,13.71,7.52
281,2021-06-28,KRW-GRS,15.45,-1.81,-1.64,-1.81,-1.64,-1.64,5.67,4.64
282,2021-06-28,KRW-MVL,13.36,-2.94,-4.41,-2.94,-0.74,-2.94,61.76,33.33
283,2021-06-28,KRW-PLA,11.19,-2.82,-3.39,-2.26,-2.26,-1.69,11.95,10.69
284,2021-06-28,KRW-CRO,9.91,-0.79,-0.79,-0.79,-0.79,-1.57,4.1,4.1
285,2021-06-29,KRW-META,67.43,-4.0,-4.0,-6.4,-8.8,-10.4,59.09,13.64
286,2021-06-29,KRW-DKA,44.91,-0.94,-0.94,-1.89,-5.94,-7.55,27.72,3.96
287,2021-06-29,KRW-BORA,35.14,-1.9,-1.9,-2.86,-3.81,-4.76,23.49,6.43
288,2021-06-29,KRW-MED,34.44,-3.17,-3.17,-6.51,-9.02,-6.51,38.14,13.66
289,2021-06-29,KRW-MVL,33.33,-1.41,-2.11,-4.23,-7.04,-6.34,20.59,4.41
290,2021-06-30,KRW-SNT,101.77,-3.43,-7.17,-6.53,-6.85,-6.32,21.05,-17.98
291,2021-06-30,KRW-UPP,40.48,-1.82,-3.64,-5.45,-4.55,-4.55,5.93,-6.78
292,2021-06-30,KRW-ETC,31.09,-0.04,-0.9,-1.27,-1.09,-1.36,10.23,1.72
293,2021-06-30,KRW-STORJ,24.24,-0.51,-0.71,-1.63,-2.34,-2.14,1.46,-4.29
294,2021-06-30,KRW-HUM,23.39,-5.76,-4.29,-2.82,-0.34,0.79,3.49,2.91
295,2021-07-01,KRW-HUNT,105.47,-6.98,-8.31,-4.32,-4.98,-5.65,1.46,-26.94
296,2021-07-01,KRW-HIVE,46.89,-3.19,-5.15,-5.64,-6.13,-6.37,0.96,-21.54
297,2021-07-01,KRW-PLA,25.68,-4.93,-3.59,-4.93,-6.28,-5.83,0.0,-2.61
298,2021-07-01,KRW-AXS,23.24,-0.07,0.07,1.26,-0.07,0.82,7.68,2.43
299,2021-07-01,KRW-STEEM,21.28,-1.2,-0.96,-1.44,-1.2,-1.68,0.44,-8.97
300,2021-07-02,KRW-POWR,59.91,-3.33,-5.42,-3.33,-4.58,-4.58,0.59,-28.7
301,2021-07-02,KRW-AERGO,24.55,-3.28,-3.28,-3.83,-2.19,-1.64,9.62,-12.5
302,2021-07-02,KRW-ARDR,18.68,-1.05,-2.09,-2.09,-2.09,-2.62,0.0,-11.57
303,2021-07-02,KRW-POLY,15.24,-0.92,-0.46,-2.29,-2.75,-3.67,0.83,-9.96
304,2021-07-02,KRW-META,12.28,-1.64,-2.46,-2.46,-2.46,-2.46,0.0,-3.91
305,2021-07-03,KRW-AHT,19.24,-5.1,-5.78,-3.82,-2.84,-4.8,2.97,0.99
306,2021-07-03,KRW-IOST,16.14,-2.05,-2.39,-1.37,-1.02,-2.39,0.68,-1.01
307,2021-07-03,KRW-FCT2,8.8,0.0,0.1,2.05,2.35,2.35,4.73,2.94
308,2021-07-03,KRW-SSX,7.95,0.0,-1.29,0.18,0.37,0.37,1.29,0.0
309,2021-07-03,KRW-RFR,7.94,-0.92,0.0,1.83,0.92,0.92,24.51,6.86
310,2021-07-04,KRW-AXS,26.15,-1.38,-1.72,-1.18,-1.48,-1.18,26.38,13.22
311,2021-07-04,KRW-HUNT,21.67,0.0,1.88,-2.19,-3.45,-2.82,2.81,0.0
312,2021-07-04,KRW-FLOW,13.49,-1.01,-1.79,-1.79,-1.64,-1.25,5.86,0.31
313,2021-07-04,KRW-TON,10.98,-1.72,-1.51,-2.87,-3.45,-2.8,2.78,1.98
314,2021-07-04,KRW-OMG,10.22,-1.04,-1.04,-1.33,-1.33,-1.33,0.84,-1.31
315,2021-07-05,KRW-FCT2,29.99,-1.55,-5.43,-5.43,-3.1,-3.88,24.41,1.57
316,2021-07-05,KRW-WAXP,13.67,-0.64,-1.92,-3.21,-2.56,-2.56,36.31,-0.64
317,2021-07-05,KRW-AXS,13.22,-0.37,-0.95,-0.64,-0.16,-0.26,2.86,-7.0
318,2021-07-05,KRW-GRS,12.52,-3.5,-5.36,-5.03,-4.81,-5.36,26.85,12.56
319,2021-07-05,KRW-MBL,11.86,0.0,0.73,1.76,2.59,1.76,10.38,5.46
320,2021-07-06,KRW-UPP,36.72,-4.4,-4.4,-3.3,-4.4,-5.49,8.67,5.78
321,2021-07-06,KRW-CVC,14.83,-1.22,-2.74,-2.74,-2.44,-2.74,1.5,-1.2
322,2021-07-06,KRW-GRS,12.56,-2.91,-2.8,-2.69,-2.47,-2.35,0.0,-2.41
323,2021-07-06,KRW-BORA,12.1,-0.72,-0.72,-2.16,-2.16,-2.16,2.14,-0.71
324,2021-07-06,KRW-HUM,10.78,-1.75,-1.75,-1.75,-2.63,-2.63,4.42,1.77
325,2021-07-07,KRW-AXS,34.18,-3.45,-1.0,-0.06,0.31,-1.26,56.53,25.55
326,2021-07-07,KRW-DAWN,19.29,-0.97,3.33,0.69,3.89,4.03,18.11,7.78
327,2021-07-07,KRW-SAND,14.65,-3.19,-2.77,-0.85,1.49,0.21,45.71,30.47
328,2021-07-07,KRW-FLOW,13.57,-0.05,8.33,7.44,8.02,9.33,42.32,38.33
329,2021-07-07,KRW-SRM,12.07,-0.94,-0.94,-0.24,-0.71,-0.83,4.47,-2.98
330,2021-07-08,KRW-FLOW,38.33,-0.61,0.67,-1.22,-0.06,1.1,18.76,-14.31
331,2021-07-08,KRW-SAND,30.47,0.0,-2.36,-2.56,-2.56,-3.94,34.68,8.51
332,2021-07-08,KRW-AXS,25.55,-0.91,1.12,2.37,3.91,3.56,16.45,-9.92
333,2021-07-08,KRW-ENJ,20.07,-1.04,-0.69,-1.73,-2.08,-2.42,8.21,-12.46
334,2021-07-08,KRW-MANA,18.3,0.0,-1.05,-1.18,-1.96,-1.31,17.57,-9.91
335,2021-07-09,KRW-STX,25.76,-2.5,-4.64,-3.93,-2.5,-5.0,6.19,-3.44
336,2021-07-09,KRW-ICX,14.29,-0.87,-1.3,-1.3,-1.3,-1.3,0.4,-7.23
337,2021-07-09,KRW-STORJ,11.89,0.0,-0.43,-0.85,-0.43,-0.43,0.39,-7.87
338,2021-07-09,KRW-TFUEL,9.38,-0.71,-1.9,-1.42,-0.95,-1.18,0.22,-7.25
339,2021-07-09,KRW-SAND,8.51,-1.03,0.17,1.72,3.09,4.81,19.09,14.57
340,2021-07-10,KRW-AXS,36.82,-1.2,-1.39,-2.06,-1.29,-2.21,17.84,6.27
341,2021-07-10,KRW-EOS,16.12,0.0,0.0,-0.32,-0.53,-0.64,5.12,-6.02
342,2021-07-10,KRW-SAND,14.57,-1.2,-2.23,-2.23,-3.6,-3.26,9.97,0.17
343,2021-07-10,KRW-BORA,10.66,-0.73,-0.73,-1.46,-2.19,-1.46,5.19,1.48
344,2021-07-10,KRW-FLOW,10.03,-2.35,1.58,0.36,2.12,3.34,24.46,23.46
345,2021-07-11,KRW-FLOW,23.46,-0.71,-3.11,-2.84,-4.0,-3.91,8.84,1.53
346,2021-07-11,KRW-DAWN,13.76,-0.4,-2.68,-2.82,-1.74,-1.61,8.42,1.09
347,2021-07-11,KRW-ATOM,9.38,-0.24,-0.42,-0.79,-0.66,-0.6,2.41,-2.7
348,2021-07-11,KRW-AHT,8.09,-0.93,-1.03,-0.82,-1.44,0.0,0.62,-0.21
349,2021-07-11,KRW-MANA,7.93,-0.68,-1.37,-1.6,-1.94,-1.94,3.94,-1.35
350,2021-07-12,KRW-CBK,43.11,0.0,-5.97,-7.86,-8.16,-9.35,45.24,12.43
351,2021-07-12,KRW-AQT,13.32,-0.94,3.86,7.31,0.21,-9.08,69.88,61.08
352,2021-07-12,KRW-META,13.01,-1.44,-1.44,-2.16,-2.16,-2.88,2.88,0.0
353,2021-07-12,KRW-STX,10.24,-0.36,0.36,1.79,2.51,2.15,0.62,-13.35
354,2021-07-12,KRW-CRO,10.0,-0.68,-0.68,-0.68,-0.68,-0.68,0.0,-5.84
355,2021-07-13,KRW-AQT,61.08,-3.53,-6.08,-5.72,-7.42,-7.54,13.78,-14.09
356,2021-07-13,KRW-TON,33.18,-1.57,-4.42,-4.7,-4.97,-5.92,3.57,-15.32
357,2021-07-13,KRW-MTL,23.29,0.0,1.61,1.15,0.92,0.69,0.41,-11.07
358,2021-07-13,KRW-PUNDIX,20.08,0.0,2.09,0.0,-0.7,0.0,0.63,-9.49
359,2021-07-13,KRW-PLA,14.23,-0.38,0.0,0.38,0.0,0.0,0.36,-6.76
360,2021-07-14,KRW-GAS,45.78,-0.23,2.0,2.34,2.74,4.51,7.88,-18.97
361,2021-07-14,KRW-AXS,18.91,-1.57,-0.58,-2.63,-2.67,-2.74,16.47,11.26
362,2021-07-14,KRW-UPP,14.62,-2.78,-2.78,-1.67,-3.33,-3.89,0.51,-8.67
363,2021-07-14,KRW-ONG,8.89,-2.0,-1.55,-0.89,-1.55,-0.44,2.34,-8.15
364,2021-07-14,KRW-POWR,8.77,-0.88,-1.32,-1.75,-1.32,-0.88,0.4,-8.06
365,2021-07-15,KRW-SAND,34.63,-0.78,-0.62,-2.5,-2.5,-3.59,17.92,-7.37
366,2021-07-15,KRW-REP,12.94,-1.7,-2.23,-2.38,-3.44,-3.88,20.0,0.0
367,2021-07-15,KRW-AXS,11.26,-1.41,-0.28,-2.22,-3.63,-3.21,25.29,3.84
368,2021-07-15,KRW-MANA,8.83,0.0,-0.51,-1.79,-1.79,-2.18,6.56,-6.8
369,2021-07-15,KRW-BCHA,7.49,-0.1,-0.61,-0.71,-0.57,-1.01,0.19,-7.18
370,2021-07-16,KRW-MLK,46.8,-3.31,-4.04,-1.47,-2.94,-2.21,11.07,-8.72
371,2021-07-16,KRW-XEM,7.41,-1.81,-1.2,1.2,2.41,2.41,23.45,14.48
372,2021-07-16,KRW-AQT,6.3,-0.14,6.44,6.29,7.3,3.86,0.12,-13.83
373,2021-07-16,KRW-CHZ,4.78,-0.71,-0.71,-0.71,-1.42,-1.06,2.61,-8.14
374,2021-07-16,KRW-AXS,3.84,-2.44,-2.44,-2.36,-2.84,-3.84,13.6,-11.98
375,2021-07-17,KRW-REP,20.77,-1.9,-2.69,-3.75,-4.59,-4.19,21.3,-9.21
376,2021-07-17,KRW-XEM,14.48,-2.14,-1.6,1.07,0.53,-0.53,19.28,13.25
377,2021-07-17,KRW-GLM,11.34,-0.87,-0.87,-1.16,-1.16,-1.16,0.79,-9.95
378,2021-07-17,KRW-BAT,8.67,0.0,-0.32,-0.47,-0.63,-0.16,9.34,-3.22
379,2021-07-17,KRW-ONG,4.91,-0.6,-0.6,0.84,-0.84,-0.84,0.0,-6.68
380,2021-07-18,KRW-PUNDIX,35.37,-1.49,-2.24,-3.36,-3.73,-2.61,9.09,-12.99
381,2021-07-18,KRW-MED,14.35,-1.19,-1.19,-1.19,-0.79,-0.79,0.19,-5.79
382,2021-07-18,KRW-XEM,13.25,-1.76,-2.35,-2.35,-1.18,-0.59,3.21,-9.63
383,2021-07-18,KRW-LOOM,9.86,-0.59,-1.32,-1.17,-1.32,-1.02,0.55,-5.66
384,2021-07-18,KRW-HUM,8.23,0.0,0.82,1.13,1.03,1.23,0.0,-3.66
385,2021-07-19,KRW-LSK,15.65,-2.14,-1.78,-2.49,-2.49,-2.14,2.23,-10.65
386,2021-07-19,KRW-SAND,8.68,-0.95,-0.95,-1.71,-2.67,-3.43,2.26,-8.7
387,2021-07-19,KRW-SRM,8.16,0.0,0.0,0.31,0.0,-0.31,5.66,-7.84
388,2021-07-19,KRW-ORBS,7.38,-0.14,-0.56,-0.42,-0.28,-0.7,0.13,-7.79
389,2021-07-19,KRW-TFUEL,7.06,0.0,-0.32,0.0,-0.32,-1.29,0.29,-10.6
390,2021-07-20,KRW-CRE,9.79,0.0,7.14,5.32,6.36,3.51,3.77,-12.0
391,2021-07-20,KRW-MFT,6.82,0.0,0.39,1.04,1.3,0.91,0.0,-12.74
392,2021-07-20,KRW-BCHA,3.56,-0.95,-0.91,-0.95,-0.91,-0.95,0.95,-10.51
393,2021-07-20,KRW-GLM,2.92,-1.11,-2.51,-2.51,-3.06,-3.62,14.97,1.13
394,2021-07-20,KRW-RFR,2.91,-0.11,-0.84,-1.48,-2.21,-4.0,0.0,-10.57
395,2021-07-21,KRW-TON,12.45,-0.67,1.4,0.52,2.73,3.99,11.4,9.3
396,2021-07-21,KRW-POLY,6.19,-0.45,3.6,6.31,2.7,0.45,12.62,7.28
397,2021-07-21,KRW-TT,2.95,-2.75,-2.86,-2.75,-2.96,-2.65,4.3,4.3
398,2021-07-21,KRW-IOST,1.91,0.0,3.95,4.39,3.07,0.0,8.41,6.54
399,2021-07-21,KRW-GLM,1.13,-1.6,-3.48,-3.48,-3.48,-2.67,4.18,3.9
400,2021-07-22,KRW-AXS,50.14,-0.82,-0.38,-1.2,-0.51,-0.21,13.8,8.65
401,2021-07-22,KRW-FLOW,28.52,-0.76,0.35,-0.66,-0.76,-0.2,19.79,8.28
402,2021-07-22,KRW-SAND,22.49,-0.34,0.86,1.72,2.06,2.23,10.0,4.11
403,2021-07-22,KRW-DAWN,20.8,-0.35,0.0,-1.73,-1.73,-1.04,7.16,5.69
404,2021-07-22,KRW-THETA,20.79,0.0,0.0,-0.26,-0.62,-0.09,10.9,8.8
405,2021-07-23,KRW-SNT,20.15,-0.64,-2.69,-2.43,-3.71,-3.97,3.7,-0.38
406,2021-07-23,KRW-XLM,14.87,-0.32,-0.64,-0.96,-1.28,-1.28,6.15,1.29
407,2021-07-23,KRW-WAVES,9.68,-0.42,-0.72,-1.32,-1.56,-1.56,3.08,0.91
408,2021-07-23,KRW-THETA,8.8,-0.43,-1.03,-1.8,-2.06,-1.97,3.53,2.82
409,2021-07-23,KRW-AXS,8.65,-4.73,-4.19,-5.33,-5.73,-4.37,86.62,71.87
410,2021-07-24,KRW-AXS,71.87,-2.49,-0.69,0.53,0.81,-0.97,14.84,-1.42
411,2021-07-24,KRW-SAND,31.56,-1.29,-0.93,1.75,3.04,3.86,28.85,11.88
412,2021-07-24,KRW-DAWN,22.01,0.0,4.72,4.48,4.24,5.33,35.23,17.33
413,2021-07-24,KRW-FLOW,15.19,-0.21,0.97,0.89,1.81,1.05,14.64,3.91
414,2021-07-24,KRW-MANA,13.58,-0.24,-0.24,0.24,0.96,1.19,12.07,6.48
415,2021-07-25,KRW-REP,51.9,-0.05,0.38,0.47,0.93,2.25,41.78,21.78
416,2021-07-25,KRW-DAWN,17.33,-2.3,-2.99,-3.1,-4.71,-4.48,20.22,5.33
417,2021-07-25,KRW-IOST,14.52,-0.74,-0.74,-1.47,-1.47,-1.1,0.7,-4.23
418,2021-07-25,KRW-TFUEL,13.55,-0.49,-0.97,-1.94,-2.18,-2.18,19.89,9.02
419,2021-07-25,KRW-THETA,12.79,-0.21,-1.13,-1.97,-1.97,-1.97,17.25,7.98
420,2021-07-26,KRW-AQT,48.0,-0.12,-1.34,1.82,3.89,5.71,8.41,-17.62
421,2021-07-26,KRW-REP,21.78,-3.21,-4.45,-4.8,-4.67,-4.1,10.23,-13.66
422,2021-07-26,KRW-CBK,17.56,-1.01,-3.79,-3.79,-2.4,0.0,2.28,-9.58
423,2021-07-26,KRW-POLY,14.16,-1.81,0.0,0.36,0.72,1.08,26.74,7.36
424,2021-07-26,KRW-ZIL,13.55,-0.58,-0.7,-0.35,-0.7,-0.58,15.3,-0.58
425,2021-07-27,KRW-STRK,44.99,-0.06,8.64,7.63,8.63,5.22,11.07,-4.21
426,2021-07-27,KRW-GAS,23.41,-0.16,1.61,2.15,3.01,-0.48,9.17,-1.43
427,2021-07-27,KRW-ANKR,12.94,-1.65,-1.34,-0.83,0.0,-1.14,23.81,15.24
428,2021-07-27,KRW-BTT,12.41,-1.56,-1.25,-0.93,-0.31,0.31,13.76,7.72
429,2021-07-27,KRW-STMX,12.31,-0.91,-1.82,-1.36,-1.36,-1.36,0.91,0.45
430,2021-07-28,KRW-CVC,16.22,0.0,4.26,7.21,6.89,8.2,9.67,2.0
431,2021-07-28,KRW-ANKR,15.24,-0.93,-1.03,-0.83,-1.45,-1.65,9.5,-0.1
432,2021-07-28,KRW-AXS,13.59,-0.98,0.11,0.3,1.38,1.04,8.39,-1.6
433,2021-07-28,KRW-DKA,12.15,-0.86,-0.86,-0.86,-0.86,-1.72,0.0,-2.5
434,2021-07-28,KRW-ELF,11.34,0.0,-0.37,-2.2,-2.2,-2.93,32.83,3.4
435,2021-07-29,KRW-PLA,14.67,-6.27,-10.39,-8.06,-6.81,-10.75,135.74,82.62
436,2021-07-29,KRW-XRP,14.38,-0.23,-0.58,-0.81,-0.47,-0.7,3.41,1.06
437,2021-07-29,KRW-STORJ,10.75,0.0,-0.87,-1.3,-1.73,-1.73,0.85,-1.7
438,2021-07-29,KRW-POWR,8.73,-5.04,-2.52,1.44,19.42,22.3,17.53,5.58
439,2021-07-29,KRW-SNT,6.5,-1.6,-2.52,-2.52,-1.95,0.69,6.34,4.55
440,2021-07-30,KRW-PLA,82.62,-0.14,-0.85,3.26,3.82,6.52,72.4,26.34
441,2021-07-30,KRW-LOOM,45.58,-1.9,-2.86,-2.86,-2.86,-1.9,20.75,-0.94
442,2021-07-30,KRW-HIVE,22.49,-0.4,-1.98,-3.56,-2.77,-1.98,19.36,1.0
443,2021-07-30,KRW-MBL,16.62,-0.53,-1.28,-1.39,-1.07,-1.71,10.02,1.96
444,2021-07-30,KRW-BORA,15.94,-0.58,-2.33,-1.74,-1.74,-1.74,24.37,8.13
445,2021-07-31,KRW-BCHA,59.09,-1.78,-2.7,-1.91,-2.52,-2.33,30.33,4.82
446,2021-07-31,KRW-POWR,34.17,-0.58,-2.59,-3.17,-3.46,-3.46,12.03,-6.95
447,2021-07-31,KRW-FLOW,31.82,-3.56,-3.42,-3.66,-3.87,-3.87,17.63,2.79
448,2021-07-31,KRW-PLA,26.34,-0.77,-0.46,1.08,1.39,2.16,16.86,-8.22
449,2021-07-31,KRW-NEO,18.8,-0.56,-2.01,-2.54,-2.03,-1.66,17.99,10.74
450,2021-08-01,KRW-ARDR,57.96,-2.8,-4.9,-3.15,-2.8,-3.5,1.4,-19.83
451,2021-08-01,KRW-IOTA,24.11,-1.44,-3.24,-3.6,-3.6,-3.6,24.2,-11.46
452,2021-08-01,KRW-MTL,16.48,-0.86,-0.86,-0.22,-0.22,0.0,1.15,-11.28
453,2021-08-01,KRW-AERGO,13.49,-0.92,-0.92,-1.38,-2.76,-2.76,0.41,-10.7
454,2021-08-01,KRW-QKC,12.44,-0.95,-0.95,0.47,0.47,0.47,23.93,-10.26
455,2021-08-02,KRW-ANKR,23.09,-0.87,-0.87,-0.87,-1.74,-0.87,1.65,-4.96
456,2021-08-02,KRW-UPP,13.57,-2.79,-2.33,-3.26,-3.26,-3.72,0.0,-4.87
457,2021-08-02,KRW-DOT,10.01,-0.1,-0.24,-0.29,-0.33,-0.38,2.62,-2.01
458,2021-08-02,KRW-LSK,8.98,-0.63,-1.14,-2.16,-2.28,-2.41,1.5,-1.75
459,2021-08-02,KRW-HUM,8.85,-2.44,-2.44,-2.44,-2.44,-3.25,2.44,0.0
460,2021-08-03,KRW-PLA,50.96,-0.87,-1.73,-0.37,-2.72,-3.22,10.85,-6.93
461,2021-08-03,KRW-BCHA,25.2,-0.92,-0.24,-0.36,-0.99,-0.6,16.28,0.96
462,2021-08-03,KRW-BTG,9.8,-0.03,0.29,-0.03,-0.35,-0.61,8.91,-2.62
463,2021-08-03,KRW-KAVA,9.59,-1.25,-2.01,-2.01,-2.29,-2.91,39.46,7.85
464,2021-08-03,KRW-QTUM,8.73,-0.22,-0.16,-0.22,-0.66,-0.98,1.29,-1.24
465,2021-08-04,KRW-SRM,20.22,-0.29,-1.05,-1.52,-1.62,-2.0,0.36,-4.54
466,2021-08-04,KRW-PUNDIX,10.68,-0.82,-1.37,-1.64,-1.64,-1.37,1.08,-1.61
467,2021-08-04,KRW-STX,8.59,-0.95,-1.59,-2.22,-1.9,-1.27,0.32,-0.63
468,2021-08-04,KRW-KAVA,7.85,-0.56,-0.78,-1.13,-1.2,-1.27,0.07,-1.94
469,2021-08-04,KRW-ZRX,5.98,0.0,0.0,-0.3,-0.2,-0.3,0.0,-1.48
470,2021-08-05,KRW-PLA,50.99,-0.41,-1.22,-0.41,2.04,-0.41,18.11,1.23
471,2021-08-05,KRW-AXS,11.78,-0.55,-1.18,-1.03,-0.77,-0.95,3.23,-2.44
472,2021-08-05,KRW-DOT,7.67,-0.18,-0.32,-0.32,0.05,0.0,2.09,0.09
473,2021-08-05,KRW-SAND,7.61,-0.27,-0.95,-1.36,-0.95,-0.95,1.33,-1.87
474,2021-08-05,KRW-STMX,7.17,-0.35,0.0,0.0,0.0,0.0,9.29,5.58
475,2021-08-06,KRW-THETA,17.73,-0.31,-0.38,-0.38,-0.5,-0.75,3.45,-3.39
476,2021-08-06,KRW-CRE,17.59,0.0,-0.77,-0.77,-0.77,-1.54,16.54,3.15
477,2021-08-06,KRW-GLM,12.3,0.0,0.2,0.41,0.2,-0.2,0.4,-2.19
478,2021-08-06,KRW-BORA,12.05,-1.9,3.8,1.9,1.14,1.14,47.31,41.4
479,2021-08-06,KRW-POWR,9.76,-1.11,-1.39,-1.66,-1.39,-1.66,2.77,0.0
480,2021-08-07,KRW-BORA,41.4,-3.28,-3.65,-3.65,-3.65,-3.65,25.1,3.8
481,2021-08-07,KRW-LSK,13.66,-0.87,-1.53,-2.07,-1.53,-1.64,5.38,-1.51
482,2021-08-07,KRW-BTT,11.34,-0.22,-0.22,0.22,1.57,1.57,6.33,0.9
483,2021-08-07,KRW-DKA,10.96,-3.72,-3.72,-4.79,-4.79,-4.26,38.27,15.43
484,2021-08-07,KRW-MOC,9.76,-0.71,-1.43,-2.14,-2.14,-2.14,12.69,4.48
485,2021-08-08,KRW-DOGE,27.0,-0.36,-0.36,0.0,0.0,-0.36,7.97,-6.98
486,2021-08-08,KRW-QTUM,23.86,-0.25,0.08,0.76,1.18,3.11,7.79,-4.74
487,2021-08-08,KRW-MFT,22.69,-0.75,-0.75,-0.75,-0.75,-0.75,2.04,-8.16
488,2021-08-08,KRW-DKA,15.43,-3.08,-3.59,-3.59,-2.05,-2.05,7.98,3.72
489,2021-08-08,KRW-ETC,13.68,-0.03,0.29,1.06,1.15,0.29,4.77,-4.49
490,2021-08-09,KRW-MOC,15.0,-0.65,-1.94,-1.94,-1.29,-1.29,0.0,-3.73
491,2021-08-09,KRW-GAS,6.61,0.0,0.75,-0.85,-0.28,-0.47,2.16,-0.19
492,2021-08-09,KRW-HIVE,6.56,-0.19,0.38,-0.19,-0.95,-0.95,0.75,-2.24
493,2021-08-09,KRW-MTL,5.96,-0.37,0.0,0.56,-0.19,0.93,4.32,1.13
494,2021-08-09,KRW-DKA,3.72,-0.52,-1.05,-1.05,-1.05,-1.05,1.03,-1.54
495,2021-08-10,KRW-SXP,18.29,0.0,0.0,0.14,0.57,0.28,6.48,3.39
496,2021-08-10,KRW-BSV,11.88,-0.13,-0.29,-0.53,-0.5,-0.42,2.56,-1.92
497,2021-08-10,KRW-CHZ,10.25,-0.53,-0.53,-0.8,-0.8,-1.33,18.03,5.63
498,2021-08-10,KRW-LTC,9.8,-0.13,-0.11,0.05,0.21,-0.03,1.21,-0.24
499,2021-08-10,KRW-TON,8.67,-1.85,-1.35,-1.5,-1.15,-1.65,22.36,6.64
500,2021-08-11,KRW-AXS,48.8,-1.2,-1.72,-0.08,0.65,0.23,20.25,3.94
501,2021-08-11,KRW-IOTA,14.79,-0.61,-0.92,-1.22,-1.22,-1.22,7.08,0.62
502,2021-08-11,KRW-ADA,14.2,-0.48,-0.48,0.0,0.48,0.97,12.95,7.51
503,2021-08-11,KRW-MANA,9.99,-0.42,-0.63,-0.53,-0.11,0.21,3.9,0.21
504,2021-08-11,KRW-SAND,8.5,-0.26,-1.02,-0.64,-0.26,-0.51,8.97,0.13
505,2021-08-12,KRW-MTL,25.09,-0.46,-0.46,0.62,0.77,0.92,4.83,-4.98
506,2021-08-12,KRW-XRP,19.24,0.0,0.0,0.0,0.44,0.88,3.86,-2.58
507,2021-08-12,KRW-BTT,14.77,0.0,-0.74,-0.55,0.55,1.29,12.67,5.65
508,2021-08-12,KRW-TRX,12.6,0.0,0.2,0.41,0.91,1.01,9.96,2.28
509,2021-08-12,KRW-STMX,12.26,-0.6,-0.9,-0.6,-0.6,0.0,12.93,-4.89
510,2021-08-13,KRW-CHZ,14.21,-0.9,-1.58,-1.36,-1.36,-1.36,5.3,1.61
511,2021-08-13,KRW-MVL,11.05,-0.49,-0.49,0.49,0.98,1.46,2.97,1.49
512,2021-08-13,KRW-STPT,8.8,-2.45,-0.98,0.0,-2.09,-1.96,16.98,9.97
513,2021-08-13,KRW-WAVES,8.53,-0.08,-0.38,-0.42,-0.42,-0.54,7.53,2.84
514,2021-08-13,KRW-BTT,5.65,-0.71,-0.71,-1.43,-1.25,-0.18,4.44,3.88
515,2021-08-14,KRW-QTUM,35.15,-0.36,-1.21,-1.21,-1.64,-2.06,13.01,0.67
516,2021-08-14,KRW-ADA,15.62,-0.39,0.0,0.0,0.0,0.0,5.45,2.83
517,2021-08-14,KRW-NEO,12.07,-0.18,-0.02,0.0,-0.52,-0.72,3.88,1.96
518,2021-08-14,KRW-XRP,11.06,0.0,-0.34,0.67,0.34,0.67,21.51,18.73
519,2021-08-14,KRW-VET,10.32,-0.66,-0.66,0.0,0.66,0.66,11.51,9.35
520,2021-08-15,KRW-WAVES,28.79,-0.07,-0.1,-0.03,-0.62,-1.31,3.32,-6.73
521,2021-08-15,KRW-XRP,18.73,-0.33,-0.33,0.0,0.0,0.0,5.7,0.0
522,2021-08-15,KRW-HBAR,14.18,-0.34,0.0,0.0,0.0,-0.34,0.33,-4.58
523,2021-08-15,KRW-XLM,10.84,0.0,0.0,0.22,0.66,0.44,2.61,-1.3
524,2021-08-15,KRW-VET,9.35,0.0,0.62,0.62,1.24,1.24,8.55,5.92
525,2021-08-16,KRW-SRM,17.84,-3.24,-3.62,-3.99,-3.24,-3.74,25.75,11.31
526,2021-08-16,KRW-DOGE,15.74,-0.27,0.0,-0.27,0.53,0.0,3.02,-5.29
527,2021-08-16,KRW-ETC,11.58,-0.01,0.05,-0.01,1.05,0.59,1.27,-6.72
528,2021-08-16,KRW-BTG,9.55,-0.1,-0.01,-0.1,0.06,-0.1,0.68,-4.41
529,2021-08-16,KRW-KAVA,7.93,-0.6,-0.53,-0.86,0.13,-0.27,4.71,-1.83
530,2021-08-17,KRW-SRM,11.31,-0.27,0.4,1.68,1.62,1.68,7.24,-7.3
531,2021-08-17,KRW-STX,6.65,-0.61,0.0,0.3,0.3,0.3,3.97,-7.08
532,2021-08-17,KRW-DAWN,6.26,-0.22,0.76,-0.33,-0.54,-0.11,7.85,-4.86
533,2021-08-17,KRW-DOT,6.15,-0.18,0.29,0.86,1.44,1.05,12.36,-3.14
534,2021-08-17,KRW-ELF,5.04,-0.6,-0.3,0.3,0.3,0.3,10.42,-5.63
535,2021-08-18,KRW-AXS,9.29,-0.4,-0.4,-0.9,-0.95,-0.59,3.83,-3.89
536,2021-08-18,KRW-PLA,6.88,-1.33,-1.78,-1.33,-1.78,-1.78,2.16,-3.02
537,2021-08-18,KRW-ATOM,2.1,-0.09,0.33,0.85,3.08,4.45,15.87,11.96
538,2021-08-18,KRW-KAVA,-0.66,-0.13,0.0,-0.13,-0.13,0.07,5.01,1.27
539,2021-08-18,KRW-REP,-0.84,-0.74,-0.74,-0.48,-0.29,-0.39,8.83,-2.49
540,2021-08-19,KRW-SRM,24.06,-0.16,-1.03,-1.78,-1.24,-1.24,10.74,0.38
541,2021-08-19,KRW-ATOM,11.96,-0.32,-0.73,-0.82,-0.55,-0.91,17.04,3.93
542,2021-08-19,KRW-ADA,9.25,-1.03,-1.03,-1.03,1.03,1.2,18.31,17.51
543,2021-08-19,KRW-WAVES,5.0,0.0,-0.57,-0.78,-0.57,-0.39,2.0,1.89
544,2021-08-19,KRW-SXP,4.21,-0.12,-0.35,-0.47,0.0,-0.59,14.25,13.84
545,2021-08-20,KRW-OMG,19.57,-0.42,-0.77,-0.77,-0.77,-0.77,2.89,-1.17
546,2021-08-20,KRW-ADA,17.51,-0.17,-0.7,-0.7,-0.52,-0.35,3.94,-1.71
547,2021-08-20,KRW-SXP,13.84,-0.35,-0.58,-0.69,-0.46,-0.46,4.84,2.48
548,2021-08-20,KRW-BORA,11.34,-0.37,-0.74,-0.74,-0.74,-0.74,6.42,1.51
549,2021-08-20,KRW-DOT,10.97,-0.18,-0.33,-0.52,-0.49,-0.18,7.17,5.09
550,2021-08-21,KRW-BCHA,44.22,-0.68,0.46,-0.52,0.05,0.21,19.56,2.21
551,2021-08-21,KRW-BTG,16.34,-0.01,0.85,0.72,0.01,0.46,8.9,-0.75
552,2021-08-21,KRW-ICX,11.37,-0.3,-0.6,-0.6,-0.9,-0.9,10.3,0.61
553,2021-08-21,KRW-BSV,10.05,0.0,-0.02,0.02,0.05,0.09,4.04,-2.47
554,2021-08-21,KRW-HIVE,9.65,-0.17,-0.34,-0.34,-0.51,0.17,1.33,-1.33
555,2021-08-22,KRW-ATOM,17.66,-0.04,-0.31,-0.82,-1.68,-1.72,13.08,-1.92
556,2021-08-22,KRW-AERGO,11.89,0.0,0.0,0.38,1.53,1.15,0.37,-4.04
557,2021-08-22,KRW-ENJ,10.74,0.0,0.0,0.23,0.23,0.0,7.18,-0.46
558,2021-08-22,KRW-SAND,8.66,-0.13,0.0,0.13,0.26,0.13,7.19,-1.28
559,2021-08-22,KRW-CHZ,8.43,0.0,0.0,-0.23,0.0,0.0,8.69,-1.56
560,2021-08-23,KRW-STRK,16.88,-1.56,-1.61,-1.43,-1.6,-1.99,6.45,-4.09
561,2021-08-23,KRW-KAVA,12.27,-1.48,-1.68,-2.67,-2.47,-3.5,2.91,1.6
562,2021-08-23,KRW-BAT,10.99,0.0,0.0,0.0,-0.48,-0.48,7.88,2.46
563,2021-08-23,KRW-ADA,10.47,-0.59,-0.59,0.15,-0.15,-0.29,9.32,6.95
564,2021-08-23,KRW-KNC,8.09,-0.39,-0.78,-0.97,-1.36,-1.55,2.16,1.18
565,2021-08-24,KRW-WAXP,111.98,-5.6,-5.6,-5.85,-5.34,-5.6,18.32,-15.3
566,2021-08-24,KRW-MOC,37.67,-0.57,-1.14,-2.84,-2.27,-2.27,5.94,-12.87
567,2021-08-24,KRW-FCT2,27.46,0.0,0.0,-0.63,-1.26,-1.89,4.95,-12.64
568,2021-08-24,KRW-ENJ,17.91,-0.67,0.0,0.22,0.45,0.45,0.2,-12.4
569,2021-08-24,KRW-HUNT,16.12,-0.94,0.0,0.23,1.41,1.64,3.26,-7.61
570,2021-08-25,KRW-ONG,38.5,-0.73,-1.46,-1.09,-1.09,-1.46,1.6,-11.86
571,2021-08-25,KRW-POWR,9.85,-1.46,-2.68,-1.95,-2.19,-2.43,3.68,-5.29
572,2021-08-25,KRW-ARDR,6.85,-2.49,-1.66,-1.66,-2.49,-2.49,0.55,0.0
573,2021-08-25,KRW-ARK,5.86,-1.74,-3.19,-2.61,-2.32,-2.9,0.87,0.58
574,2021-08-25,KRW-SBD,3.97,-1.19,-1.75,-1.55,-1.29,-1.81,9.96,-2.41
575,2021-08-26,KRW-XTZ,27.63,-0.38,-0.57,-0.38,0.29,0.76,0.67,-11.7
576,2021-08-26,KRW-SAND,18.34,-0.38,-0.62,0.0,-0.12,0.12,20.63,-6.76
577,2021-08-26,KRW-SSX,15.84,-0.6,-0.72,-1.19,-2.03,-1.91,0.88,-7.72
578,2021-08-26,KRW-SC,13.69,-0.4,-0.8,-0.4,-0.4,-0.4,0.0,-9.45
579,2021-08-26,KRW-MANA,11.5,-0.95,-0.95,-0.48,0.0,0.0,4.93,-5.83
580,2021-08-27,KRW-HIVE,12.68,-2.17,-1.74,-2.32,-2.03,-0.87,0.87,-0.43
581,2021-08-27,KRW-WAXP,8.62,-2.0,-2.0,-1.55,-1.33,-1.11,9.05,2.04
582,2021-08-27,KRW-IOST,1.36,-0.55,-1.1,-1.47,-0.55,0.37,4.59,4.4
583,2021-08-27,KRW-STORJ,1.22,-1.16,-1.45,-2.33,-1.74,-1.16,3.93,3.63
584,2021-08-27,KRW-HUNT,1.16,-1.57,-2.46,-1.79,-1.79,-2.24,2.98,2.52
585,2021-08-28,KRW-BCHA,28.44,-1.33,-1.46,0.73,3.93,1.82,63.78,60.66
586,2021-08-28,KRW-XTZ,16.78,-0.53,-1.06,-1.59,-2.35,-2.35,9.39,7.92
587,2021-08-28,KRW-SRM,16.53,-0.26,-0.36,-0.88,-1.55,-1.5,17.83,10.43
588,2021-08-28,KRW-ADA,15.38,0.0,-0.15,-0.6,-0.75,-0.6,0.87,-2.76
589,2021-08-28,KRW-ATOM,12.92,-0.12,-0.16,-0.24,-0.28,-0.68,5.09,4.47
590,2021-08-29,KRW-BCHA,60.66,-2.32,-1.79,-1.19,0.16,1.79,28.44,2.74
591,2021-08-29,KRW-BSV,12.77,-2.13,-2.82,-2.86,0.27,1.29,48.88,9.61
592,2021-08-29,KRW-BTG,11.59,0.0,0.08,0.98,4.68,6.21,26.43,0.07
593,2021-08-29,KRW-SRM,10.43,-0.65,-0.7,-0.27,-0.97,-1.51,0.26,-4.49
594,2021-08-29,KRW-XTZ,7.92,-0.36,-0.22,0.14,-0.72,-1.01,10.07,4.62
595,2021-08-30,KRW-SAND,32.55,-2.15,-1.72,-1.29,-1.29,0.0,20.76,-1.27
596,2021-08-30,KRW-FLOW,19.49,-0.93,-1.9,-2.47,-2.56,-2.5,7.48,-7.29
597,2021-08-30,KRW-STMX,10.8,-0.27,0.53,0.0,0.0,0.27,0.0,-6.25
598,2021-08-30,KRW-MANA,10.14,-0.88,-0.88,-1.33,-1.33,-1.77,8.37,-5.44
599,2021-08-30,KRW-BSV,9.61,-1.31,-1.85,-2.55,-3.2,-3.3,8.26,-2.53
600,2021-08-31,KRW-PLA,32.13,-0.34,1.02,0.68,1.36,0.68,6.08,-10.64
601,2021-08-31,KRW-FCT2,13.64,0.0,0.0,0.0,0.0,-0.62,0.57,-6.9
602,2021-08-31,KRW-ORBS,10.66,0.0,-0.75,-1.5,-1.5,-1.5,8.15,-0.74
603,2021-08-31,KRW-WAVES,8.42,-0.64,-1.48,-1.6,-1.85,-1.94,9.37,4.65
604,2021-08-31,KRW-BCHA,8.41,-0.36,-1.26,-0.33,0.83,-0.12,12.24,2.41
605,2021-09-01,KRW-MTL,77.85,-0.75,-0.56,-0.19,-1.59,-3.27,8.78,-6.06
606,2021-09-01,KRW-DOT,18.96,-0.44,-0.37,-0.21,-0.76,-1.3,7.06,4.41
607,2021-09-01,KRW-ELF,7.74,-2.13,-1.95,-2.13,-1.78,-1.78,43.71,12.57
608,2021-09-01,KRW-GRS,6.7,-0.41,-1.22,-1.22,-1.22,-2.04,21.25,2.08
609,2021-09-01,KRW-XRP,5.73,-0.35,-0.35,0.0,-0.35,-0.7,3.61,3.61
610,2021-09-02,KRW-AHT,35.29,-0.58,-0.58,-1.16,-1.16,-1.16,5.43,-6.52
611,2021-09-02,KRW-ELF,12.57,0.0,0.51,2.73,3.24,5.29,17.76,4.09
612,2021-09-02,KRW-VET,10.49,-0.6,-0.6,-0.6,-0.6,0.0,8.18,4.4
613,2021-09-02,KRW-ETH,10.16,-0.07,0.02,0.2,0.3,0.25,0.79,-0.54
614,2021-09-02,KRW-LINK,9.74,-0.11,0.0,0.2,0.17,0.29,4.22,1.31
615,2021-09-03,KRW-BCHA,24.13,-0.74,-3.68,-3.68,-3.92,-5.0,59.99,47.71
616,2021-09-03,KRW-BSV,12.1,-1.98,-3.57,-3.47,-2.92,-3.87,11.62,8.81
617,2021-09-03,KRW-GLM,9.61,-1.09,-1.5,-0.54,0.14,1.09,32.92,15.05
618,2021-09-03,KRW-BTT,7.24,-1.06,-1.42,-1.6,-1.6,-1.42,14.81,2.93
619,2021-09-03,KRW-JST,6.05,-0.4,-1.0,-0.6,-0.6,-0.7,11.0,3.42
620,2021-09-04,KRW-POLY,75.06,-2.39,-2.39,0.48,-7.18,-7.27,129.89,33.46
621,2021-09-04,KRW-BCHA,47.71,-0.98,-2.66,-0.69,0.87,0.87,13.98,1.01
622,2021-09-04,KRW-ELF,44.03,-1.77,-2.99,-2.55,-3.22,-5.1,30.49,6.88
623,2021-09-04,KRW-HIVE,22.34,-2.17,-3.84,-2.76,-1.97,-3.15,79.35,23.19
624,2021-09-04,KRW-IOST,15.96,0.0,0.15,1.46,3.22,3.51,25.04,13.43
625,2021-09-05,KRW-CVC,140.66,-2.8,-1.68,-2.24,-2.1,-1.96,11.01,-34.4
626,2021-09-05,KRW-STMX,56.14,-0.6,-0.6,-1.21,-1.21,-1.21,6.48,-23.3
627,2021-09-05,KRW-ARDR,36.41,-3.9,-4.55,-5.84,-5.19,-4.55,68.67,-10.83
628,2021-09-05,KRW-POLY,33.46,-2.92,-2.34,-3.63,-4.09,-3.39,5.74,-17.99
629,2021-09-05,KRW-POWR,27.53,-1.88,-2.71,-2.51,-2.3,-2.3,27.41,-17.41
630,2021-09-06,KRW-HUNT,56.98,-2.95,-2.95,-4.26,-4.04,1.2,30.05,8.55
631,2021-09-06,KRW-OMG,24.32,-0.48,-0.96,-1.05,-1.15,-0.67,15.0,0.97
632,2021-09-06,KRW-TT,14.2,0.0,1.12,1.12,1.69,1.69,0.0,-3.78
633,2021-09-06,KRW-QTUM,12.58,0.0,0.0,0.06,0.39,1.83,6.51,-2.06
634,2021-09-06,KRW-NEO,11.86,-0.08,-0.2,-0.26,-0.22,-0.03,1.95,-2.3
635,2021-09-07,KRW-ELF,30.65,-1.19,-2.48,-2.16,-1.51,-0.54,8.54,-4.63
636,2021-09-07,KRW-FCT2,19.72,-3.93,-2.18,-5.24,-5.24,-4.37,0.77,-12.26
637,2021-09-07,KRW-ARK,17.11,-0.27,0.0,0.0,-1.09,-0.82,0.0,-17.3
638,2021-09-07,KRW-TFUEL,14.54,0.0,-1.47,-1.96,-2.2,-1.71,6.04,-20.08
639,2021-09-07,KRW-THETA,13.65,-0.18,-0.77,-1.0,-1.59,-1.71,6.1,-20.19
640,2021-09-08,KRW-HUNT,26.78,-4.0,-3.11,-3.56,-4.0,-3.56,10.34,-3.45
641,2021-09-08,KRW-HIVE,20.48,-2.9,-2.9,-3.67,-3.57,-3.38,0.9,-6.76
642,2021-09-08,KRW-POLY,5.26,-1.11,-2.56,-1.9,-0.33,-0.11,8.02,-2.82
643,2021-09-08,KRW-WAVES,-2.61,-0.42,-0.48,-0.69,0.15,-0.39,5.92,0.73
644,2021-09-08,KRW-SRM,-4.11,-1.03,-1.77,-1.49,0.09,-0.65,11.06,6.67
645,2021-09-09,KRW-IOST,46.71,-1.43,-0.71,-1.83,-1.22,-0.61,14.94,2.61
646,2021-09-09,KRW-HBAR,16.97,-0.25,-0.25,-0.25,0.0,0.0,11.92,3.37
647,2021-09-09,KRW-BSV,14.54,-0.29,-0.47,-0.51,-0.76,-0.96,2.24,-2.83
648,2021-09-09,KRW-GLM,8.88,-0.74,-0.88,-0.88,-1.03,-1.03,7.85,2.72
649,2021-09-09,KRW-TRX,7.69,0.0,0.9,0.9,0.9,0.9,0.89,0.0
650,2021-09-10,KRW-ATOM,28.94,-0.5,-0.77,-1.0,-2.85,-2.87,19.37,11.76
651,2021-09-10,KRW-XTZ,27.96,-0.2,-0.26,-0.79,-1.91,-3.17,24.35,12.88
652,2021-09-10,KRW-SRM,21.57,-2.42,-1.28,0.07,-0.21,-0.71,8.13,7.82
653,2021-09-10,KRW-ORBS,19.46,0.0,-0.6,-1.2,-1.8,-1.8,0.0,-6.18
654,2021-09-10,KRW-RFR,18.67,0.0,0.0,-1.08,-1.61,-2.15,10.61,-5.56
655,2021-09-11,KRW-ICX,14.96,-0.47,-0.94,-1.18,-0.94,-0.94,0.68,-3.42
656,2021-09-11,KRW-XTZ,12.88,-0.47,-0.4,-0.34,0.67,0.74,12.07,-1.85
657,2021-09-11,KRW-ATOM,11.76,-0.69,-0.87,-0.96,-0.6,-0.87,4.15,-8.35
658,2021-09-11,KRW-QKC,9.42,-1.97,-1.64,-2.3,-2.3,-2.3,1.66,0.66
659,2021-09-11,KRW-SRM,7.82,-1.18,0.42,1.67,2.02,2.29,22.02,2.57
660,2021-09-12,KRW-WAXP,15.59,-1.08,-1.08,-1.08,-1.08,-0.81,1.27,-5.6
661,2021-09-12,KRW-HBAR,13.4,-1.77,-1.77,0.2,0.39,0.2,15.68,15.45
662,2021-09-12,KRW-OMG,10.65,-0.44,-0.62,-0.26,0.62,1.15,8.54,2.07
663,2021-09-12,KRW-ADA,8.03,-0.32,-0.32,-0.16,0.0,0.0,5.55,-1.9
664,2021-09-12,KRW-UPP,7.59,-0.81,-0.4,-0.4,-0.4,0.4,0.0,-3.14
